DateTime,group_name,Latitude,Longitude,Distance_along_tape,Dune_position,Active_burrows,Inactive_burrows,Burrows_2cm_across,First_burrow_cm,Nearest_Neighbour_cm,Number_of_trees,Number_of_ground_plants,Coastal_Banksia,Red_Ash,Coastal_Canthium,Native_Cherry,Coastal_Screw_Pine,Coastal_Wattle,Coastal_She_oak,Black_Wattle,Twiggy_Homoranthus,Mangrove_Boobialla,Angular_Pigface,Coast_Headland_Pea,Beach_Morning_Glory,Beach_Primrose,Beach_Sawthistle,Beach_Couch,Beach_Spinifex,Blady_Grass,Blue_Flax_Lily,Coastal_Jack_Bean,Coastal_Lovegrass,Devils_Twine,Dune_Oxalis,Emilia,Everlasting_Daisy,Hillside_Burrgrass,Marine_Couch,Mossman_River_Grass,Native_Cobblers_Pegs,Scented_Fan_Flower,Snake_Vine,Tape_Vine,Yellow_Beach_Bean,Living_ground_cover,Second_NN_cm,Third_NN cm,Fourth_NN_cm,Fifth_NN_cm,Sixth_NN_cm,Seventh_NN_cm,Proportion_of_large_holes
27/06/2013 9:37,blue mr crabs,-25.59816667,153.09507,5,Crest,0,11,11,34,43,0,1,0,0,0,0,0,0,0,0,0,0,0,0,0,0,0,0,10,0,0,0,0,0,0,0,0,0,0,0,0,0,0,0,0,10,36.5,55,78.5,NA,NA,NA,1
27/06/2013 9:42,blue mr crabs,-25.59815333,153.0949983,10,Crest,2,1,0,28,66,0,2,0,0,0,0,0,0,0,0,0,0,0,0,0,0,0,0,5,0,0,7,0,0,0,0,0,0,0,0,0,0,0,0,0,12,26.5,35,15,NA,NA,NA,0
27/06/2013 9:45,blue mr crabs,-25.59813333,153.0949633,15,Upslope,1,0,0,58,42,0,2,0,0,0,0,0,0,0,0,0,0,0,0,0,0,0,0,5,0,0,0,0,0,0,0,0,0,0,0,0,20,0,0,0,25,24,11,31,NA,NA,NA,0
27/06/2013 9:54,blue mr crabs,-25.598155,153.0949133,20,Crest,10,1,1,8,6,0,2,0,0,0,0,0,0,0,0,0,0,0,0,0,0,0,0,10,0,0,0,0,0,0,0,0,0,0,0,0,7,0,0,0,17,16,21,33,NA,NA,NA,0.090909091
27/06/2013 9:57,blue mr crabs,-25.59809833,153.094875,25,Crest,4,2,1,4,42,0,2,0,0,0,0,0,0,0,0,0,0,0,0,5,0,0,0,10,0,0,0,0,0,0,0,0,0,0,0,0,0,0,0,0,15,3,27,37,NA,NA,NA,0.166666667
27/06/2013 10:02,blue mr crabs,-25.59809833,153.0948267,30,Upslope,5,3,0,8,51,1,1,0,0,0,0,0,0,1,0,0,0,0,0,0,0,0,0,10,0,0,0,0,0,0,0,0,0,0,0,0,0,0,0,0,10,73,58,84,NA,NA,NA,0
27/06/2013 10:07,blue mr crabs,-25.59808,153.09478,35,Crest,3,0,1,13,60,0,2,0,0,0,0,0,0,0,0,0,0,0,0,1,0,0,0,0,70,0,0,0,0,0,0,0,0,0,0,0,0,0,0,0,71,23,61,25,NA,NA,NA,0.333333333
27/06/2013 10:13,blue mr crabs,-25.59807833,153.0947417,40,Downslope,5,0,1,28,25,1,1,0,0,0,0,0,0,1,0,0,0,0,0,0,0,0,0,0,80,0,0,0,0,0,0,0,0,0,0,0,0,0,0,0,80,40,35.5,55,NA,NA,NA,0.2
27/06/2013 10:17,blue mr crabs,-25.59808333,153.0946867,45,Trough,2,0,2,13,78,1,1,0,0,0,0,0,0,1,0,0,0,0,0,0,0,0,0,0,0,90,0,0,0,0,0,0,0,0,0,0,0,0,0,0,90,20,47,147,NA,NA,NA,1
27/06/2013 10:22,blue mr crabs,-25.59806167,153.0946217,50,Trough,2,1,0,84,73,0,3,0,0,0,0,0,0,0,0,0,0,0,0,8,0,0,0,0,25,40,0,0,0,0,0,0,0,0,0,0,0,0,0,0,73,85,71,18,NA,NA,NA,0
27/06/2013 10:29,blue mr crabs,-25.59803667,153.0946183,55,Trough,3,0,1,8,30,0,2,0,0,0,0,0,0,0,0,0,0,0,0,0,0,0,0,40,0,0,0,0,0,0,0,0,0,0,0,0,8,0,0,0,48,88,71,10,NA,NA,NA,0.333333333
27/06/2013 10:33,blue mr crabs,-25.59802333,153.0945683,60,Upslope,3,0,0,13,104,0,3,0,0,0,0,0,0,0,0,0,0,0,0,0,0,0,0,0,85,5,0,0,0,0,0,0,0,0,0,0,0,5,0,0,95,41,85,81,NA,NA,NA,0
27/06/2013 10:41,blue mr crabs,-25.59800333,153.0944817,65,Upslope,6,0,0,11,9,0,1,0,0,0,0,0,0,0,0,0,0,0,0,0,0,0,0,40,0,0,0,0,0,0,0,0,0,0,0,0,0,0,0,0,40,21,16,67,NA,NA,NA,0
27/06/2013 10:44,blue mr crabs,-25.59799167,153.0944467,70,Crest,4,0,0,43,60,0,2,0,0,0,0,0,0,0,0,0,0,0,0,0,0,0,0,8,0,0,0,0,0,0,0,0,0,0,0,0,0,8,0,0,16,36,40,64,NA,NA,NA,0
27/06/2013 10:47,blue mr crabs,-25.59799167,153.094385,75,Downslope,11,0,3,21,8,0,2,0,0,0,0,0,0,0,0,0,0,0,0,0,0,0,0,8,0,0,0,0,0,0,0,0,0,0,0,0,0,2,0,0,10,3,37,5,NA,NA,NA,0.272727273
27/06/2013 10:50,blue mr crabs,-25.59795167,153.0943717,80,Upslope,10,3,1,19,8,0,3,0,0,0,0,0,0,0,0,0,0,0,0,0,0,0,0,40,1,0,0,0,0,0,0,0,0,0,0,0,0,1,0,0,42,78,25.5,64,NA,NA,NA,0.076923077
27/06/2013 10:58,blue mr crabs,-25.59795667,153.0943267,85,Downslope,4,0,0,10,45,0,2,0,0,0,0,0,0,0,0,0,0,0,0,0,0,0,0,10,0,0,0,0,0,0,0,0,0,0,0,0,0,5,0,0,15,37,24,49,NA,NA,NA,0
27/06/2013 11:02,blue mr crabs,-25.59792333,153.094285,90,Trough,6,0,1,37,19,0,1,0,0,0,0,0,0,0,0,0,0,0,0,0,0,0,0,0,0,0,0,0,0,0,0,0,0,0,0,0,0,80,0,0,80,45,42,58,NA,NA,NA,0.166666667
27/06/2013 9:25,blue smurfs,-25.59800833,153.0951417,0,Upslope,0,24,0,1,13,0,0,0,0,0,0,0,0,0,0,0,0,0,0,0,0,0,0,0,0,0,0,0,0,0,0,0,0,0,0,0,0,0,0,0,0,10.5,10.5,12,NA,NA,NA,0
27/06/2013 9:35,blue smurfs,-25.59797833,153.0951183,5,Crest,0,4,0,22,37,0,1,0,0,0,0,0,0,0,0,0,0,0,0,0,0,0,0,25,0,0,0,0,0,0,0,0,0,0,0,0,0,0,0,0,25,17.5,55,NA,NA,NA,NA,0
27/06/2013 9:44,blue smurfs,-25.59797167,153.0949983,10,Downslope,2,12,3,10,6,0,1,0,0,0,0,0,0,0,0,0,0,0,0,0,0,0,0,5,0,0,0,0,0,0,0,0,0,0,0,0,0,0,0,0,5,9,33,9,NA,NA,NA,0.214285714
27/06/2013 9:46,blue smurfs,-25.597955,153.095,15,Upslope,4,7,0,11,17,0,3,0,0,0,0,0,0,0,0,0,0,0,0,0,0,0,0,8,0,0,0,0,0,0,0,0,0,0,0,0,3,0,0,2,13,8,17,28,NA,NA,NA,0
27/06/2013 9:49,blue smurfs,-25.597975,153.0949467,20,Upslope,1,7,0,4,18,0,1,0,0,0,0,0,0,0,0,0,0,0,0,0,0,0,0,2,0,0,0,0,0,0,0,0,0,0,0,0,0,0,0,0,2,37,31,27,NA,NA,NA,0
27/06/2013 9:53,blue smurfs,-25.59794167,153.094885,25,Crest,2,6,1,7,43,0,4,0,0,0,0,0,0,0,0,0,0,0,0,0,0,0,0,7,8,0,0,2,0,0,0,0,0,0,0,0,15,0,0,0,32,8,19,31,NA,NA,NA,0.125
27/06/2013 9:57,blue smurfs,-25.597995,153.0948983,30,Crest,0,0,0,0,0,0,4,0,0,0,0,0,0,0,0,0,0,5,0,0,0,0,0,25,20,0,0,0,0,0,0,0,0,0,0,0,0,0,0,1,51,NA,NA,NA,NA,NA,NA,NA
27/06/2013 10:03,blue smurfs,-25.59794167,153.0948233,35,Crest,2,3,9,26,9,0,1,0,0,0,0,0,0,0,0,0,0,0,0,0,0,0,0,0,0,0,0,0,0,0,0,0,0,0,0,0,0,0,0,3,3,35,72,53,NA,NA,NA,NA
27/06/2013 10:05,blue smurfs,-25.59792667,153.0947883,40,Downslope,1,2,0,8,37,0,3,0,0,0,0,0,0,0,0,0,0,0,0,0,0,0,0,0,NA,10,0,0,0,0,0,0,0,0,0,0,0,0,0,1,NA,26,37,NA,NA,NA,NA,0
27/06/2013 10:17,blue smurfs,-25.59796,153.094705,45,Trough,3,6,2,15,23,0,2,0,0,0,0,0,0,0,0,0,0,0,0,0,0,0,0,0,10,70,0,0,0,0,0,0,0,0,0,0,0,0,0,0,80,17,29,28,NA,NA,NA,0.222222222
27/06/2013 10:20,blue smurfs,-25.59787,153.0947117,50,Trough,0,2,0,34,56,0,5,0,0,0,0,0,0,0,0,0,0,0,0,0,0,0,0,11,90,2,0,11,0,0,0,0,0,0,0,0,0,0,0,1,115,NA,NA,NA,NA,NA,NA,0
27/06/2013 10:40,blue smurfs,-25.59787667,153.0946433,55,Trough,3,4,2,11,13,1,6,1,0,0,0,0,0,0,0,0,0,0,0,0,0,0,0,0,40,1,0,1,0,0,0,0,0,0,0,0,10,20,2,0,74,22,22,47,NA,NA,NA,0.285714286
27/06/2013 10:50,blue smurfs,-25.59783667,153.0945783,60,Trough,0,1,0,54,0,1,5,1,0,0,0,0,0,0,0,0,0,0,0,0,0,0,0,1,50,0,0,2,0,0,0,0,0,0,0,0,0,3,1,0,57,NA,NA,NA,NA,NA,NA,0
27/06/2013 10:57,blue smurfs,-25.59785333,153.094555,65,Upslope,1,6,0,19,13,0,4,0,0,0,0,0,0,0,0,0,0,0,0,0,0,0,0,0,20,0,0,30,0,0,0,0,0,0,0,0,10,10,0,0,70,22,19,12,NA,NA,NA,0
27/06/2013 11:03,blue smurfs,-25.597835,153.0945017,70,Crest,3,4,0,10,38,0,3,0,0,0,0,0,0,0,0,0,0,0,0,0,0,0,0,0,25,1,0,0,0,0,0,0,0,0,0,0,0,10,0,0,36,22,24,19,NA,NA,NA,0
25/06/2013 9:32,crying crab,-25.597875,153.0951833,0,Upslope,16,0,0,3,5,0,0,0,0,0,0,0,0,0,0,0,0,0,0,0,0,0,0,0,0,0,0,0,0,0,0,0,0,0,0,0,0,0,0,0,0,NA,NA,NA,NA,NA,NA,0
25/06/2013 9:38,crying crab,-25.59785333,153.0951433,5,Crest,5,4,2,1,2,0,2,0,0,0,0,0,0,0,0,0,0,0,0,0,0,0,0,12,0,0,0,0,0,0,0,0,0,0,0,0,0,0,0,10,22,NA,NA,NA,NA,NA,NA,0.222222222
25/06/2013 9:43,crying crab,-25.59785833,153.0951033,10,Downslope,12,0,2,17,29,1,3,1,0,0,0,0,0,0,0,0,0,0,0,5,0,0,0,20,0,0,0,0,0,0,0,0,0,0,0,0,0,0,0,5,30,NA,NA,NA,NA,NA,NA,0.166666667
25/06/2013 9:52,crying crab,-25.59786,153.09505,15,Upslope,23,0,6,3,11,0,1,0,0,0,0,0,0,0,0,0,0,0,0,0,0,0,0,30,0,0,0,0,0,0,0,0,0,0,0,0,0,0,0,0,30,NA,NA,NA,NA,NA,NA,0.260869565
25/06/2013 9:55,crying crab,-25.59784833,153.0950083,20,Upslope,6,1,3,9,26,0,2,0,0,0,0,0,0,0,0,0,0,0,0,0,0,0,0,25,0,0,0,0,0,0,0,0,0,0,0,0,0,3,0,0,28,NA,NA,NA,NA,NA,NA,0.428571429
25/06/2013 9:59,crying crab,-25.59785,153.0949583,25,Upslope,23,1,5,14,9,0,2,0,0,0,0,0,0,0,0,0,0,0,0,0,0,0,0,0,10,0,0,0,0,0,0,0,0,0,0,0,0,3,0,0,13,NA,NA,NA,NA,NA,NA,0.208333333
25/06/2013 10:06,crying crab,-25.59783,153.09492,30,Crest,8,0,2,8,31,0,2,0,0,0,0,0,0,0,0,0,0,0,0,0,0,0,0,35,15,0,0,0,0,0,0,0,0,0,0,0,0,0,0,0,50,NA,NA,NA,NA,NA,NA,0.25
25/06/2013 10:15,crying crab,-25.59779,153.0948717,35,Downslope,11,0,9,14,5,0,3,0,0,0,0,0,0,0,0,0,0,0,0,0,0,0,0,15,55,0,0,0,0,0,0,0,0,0,0,0,25,0,0,0,95,NA,NA,NA,NA,NA,NA,0.818181818
25/06/2013 10:20,crying crab,-25.59778333,153.0948167,40,Downslope,0,0,0,151,56,0,4,0,0,0,0,0,0,0,0,0,0,10,0,0,0,0,0,0,2,0,0,0,0,0,0,0,0,3,0,0,40,0,0,0,55,NA,NA,NA,NA,NA,NA,NA
25/06/2013 10:24,crying crab,-25.59776833,153.09479,45,Trough,1,0,0,58,81,0,2,0,0,0,0,0,0,0,0,0,0,0,0,0,0,0,0,0,65,0,0,0,0,0,0,0,0,0,0,0,0,0,0,13,78,NA,NA,NA,NA,NA,NA,0
25/06/2013 10:28,crying crab,-25.59776,153.0947333,50,Trough,1,0,1,33,170,0,2,0,0,0,0,0,0,0,0,0,0,0,0,0,0,0,0,0,90,0,0,0,0,0,0,0,0,0,0,0,0,0,0,1,91,NA,NA,NA,NA,NA,NA,1
25/06/2013 10:32,crying crab,-25.59774667,153.0946867,55,Trough,3,1,2,21,49,0,2,0,0,0,0,0,0,0,0,0,0,0,0,0,0,0,0,0,35,0,0,0,0,0,0,0,0,0,0,0,0,0,0,5,40,NA,NA,NA,NA,NA,NA,0.5
25/06/2013 10:34,crying crab,-25.59772833,153.0946583,60,Trough,1,0,0,35,93,0,2,0,0,0,0,0,0,0,0,0,0,0,0,0,0,0,0,0,80,0,0,0,0,0,0,0,0,0,0,0,7,0,0,0,87,NA,NA,NA,NA,NA,NA,0
25/06/2013 10:37,crying crab,-25.59770833,153.0946233,65,Upslope,1,0,1,42,53,0,3,0,0,0,0,0,0,0,0,0,0,2,0,0,0,0,0,0,35,0,0,0,0,0,0,0,0,0,0,0,25,0,0,0,62,NA,NA,NA,NA,NA,NA,1
25/06/2013 10:40,crying crab,-25.597695,153.0945417,70,Crest,0,0,0,176,30,0,4,0,0,0,0,0,0,0,0,0,0,3,0,0,0,0,0,0,90,3,0,0,0,0,0,0,0,0,0,0,0,4,0,0,100,NA,NA,NA,NA,NA,NA,NA
25/06/2013 10:47,crying crab,-25.59767833,153.0945217,75,Crest,1,0,1,68,68,0,3,0,0,0,0,0,0,0,0,0,0,0,0,0,0,0,0,0,75,0,0,0,0,0,0,0,0,0,0,0,0,20,2,0,97,NA,NA,NA,NA,NA,NA,1
25/06/2013 10:50,crying crab,-25.597665,153.094475,80,Crest,2,0,1,19,83,0,1,0,0,0,0,0,0,0,0,0,0,0,0,0,0,0,0,0,25,0,0,0,0,0,0,0,0,0,0,0,0,0,0,0,25,NA,NA,NA,NA,NA,NA,0.5
26/06/2013 9:21,damien,-25.59654667,153.095655,0,Upslope,9,0,0,6,19,0,1,0,0,0,0,0,0,0,0,0,0,0,0,0,0,0,0,5,0,0,0,0,0,0,0,0,0,0,0,0,0,0,0,0,5,19,6,4,NA,NA,NA,0
26/06/2013 9:34,damien,-25.596515,153.09563,5,Upslope,2,1,2,35,60,0,2,0,0,0,0,0,0,0,0,0,0,2,0,0,0,0,0,15,0,0,0,0,0,0,0,0,0,0,0,0,0,0,0,0,17,60,8,18,NA,NA,NA,0.666666667
26/06/2013 9:39,damien,-25.59650833,153.0955733,10,Crest,7,3,4,4,10,0,2,0,0,0,0,0,0,0,0,0,0,0,0,10,0,0,0,15,0,0,0,0,0,0,0,0,0,0,0,0,0,0,0,0,25,10,10,7,NA,NA,NA,0.4
26/06/2013 9:46,damien,-25.596505,153.095525,15,Crest,9,1,7,16,15,1,3,0,0,0,0,0,0,1,0,0,0,0,0,1,0,0,5,15,0,0,0,0,0,0,0,0,0,0,0,0,0,0,0,0,21,15,6,10,NA,NA,NA,0.7
26/06/2013 9:53,damien,-25.59651667,153.0954733,20,Downslope,11,0,3,13,5,0,3,0,0,0,0,0,0,0,0,0,0,0,0,0,0,0,30,10,0,0,0,0,0,0,0,0,0,0,0,0,15,0,0,0,55,5,26,23,NA,NA,NA,0.272727273
26/06/2013 9:58,damien,-25.596515,153.09541,25,Upslope,1,0,1,1,70,1,2,0,0,0,0,0,0,1,0,0,0,0,0,0,0,0,90,5,0,0,0,0,0,0,0,0,0,0,0,0,0,0,0,0,95,70,50,90,NA,NA,NA,1
26/06/2013 10:01,damien,-25.59649167,153.095375,30,Crest,4,0,4,46,20,0,2,0,0,0,0,0,0,0,0,0,0,0,0,0,0,0,50,10,0,0,0,0,0,0,0,0,0,0,0,0,0,0,0,0,60,20,70,30,NA,NA,NA,1
26/06/2013 10:04,damien,-25.596485,153.0953417,35,Downslope,3,0,3,32,48,0,2,0,0,0,0,0,0,0,0,0,0,0,0,0,0,0,40,0,0,15,0,0,0,0,0,0,0,0,0,0,0,0,0,0,55,48,55,62,NA,NA,NA,1
26/06/2013 10:07,damien,-25.59646167,153.0952833,40,Downslope,2,0,2,35,94,0,2,0,0,0,0,0,0,0,0,0,0,0,0,0,0,0,5,0,0,30,0,0,0,0,0,0,0,0,0,0,0,0,0,0,35,94,71,79,NA,NA,NA,1
26/06/2013 10:09,damien,-25.596445,153.0952317,45,Downslope,0,0,0,30,150,1,2,0,0,0,0,0,0,1,0,0,0,0,0,0,0,0,10,0,0,25,0,0,0,0,0,0,0,0,0,0,0,0,0,0,35,150,270,46,NA,NA,NA,NA
26/06/2013 10:13,damien,-25.59643833,153.095185,50,Trough,0,2,2,5,66,0,2,0,0,0,0,0,0,0,0,0,0,0,0,0,0,0,40,0,0,15,0,0,0,0,0,0,0,0,0,0,0,0,0,0,55,60,54,111,NA,NA,NA,1
26/06/2013 10:21,damien,-25.5964,153.0951567,55,Trough,0,0,0,40,112,1,1,1,0,0,0,0,0,0,0,0,0,0,0,0,0,0,50,0,0,0,0,0,0,0,0,0,0,0,0,0,0,0,0,0,50,67,87,110,NA,NA,NA,NA
26/06/2013 10:26,damien,-25.59641667,153.095115,60,Upslope,1,0,1,17,51,1,2,1,0,0,0,0,0,0,0,0,0,0,0,0,0,0,0,0,0,5,0,0,0,0,0,0,0,0,0,0,0,90,0,0,95,51,50,42,NA,NA,NA,1
26/06/2013 9:36,ifegot crabs,-25.59676667,153.0955633,0,Upslope,3,0,0,6,17,0,0,0,0,0,0,0,0,0,0,0,0,0,0,0,0,0,0,0,0,0,0,0,0,0,0,0,0,0,0,0,0,0,0,0,0,40,18,NA,NA,NA,NA,0
26/06/2013 9:36,ifegot crabs,-25.59671833,153.0955383,5,Upslope,5,0,0,6,17,0,1,0,0,0,0,0,0,0,0,0,0,0,0,0,0,0,0,10,0,0,0,0,0,0,0,0,0,0,0,0,0,0,0,0,10,48,63,NA,NA,NA,NA,0
26/06/2013 9:43,ifegot crabs,-25.59671,153.0955267,10,Upslope,5,4,1,4,11,0,2,0,0,0,0,0,0,0,0,0,0,0,0,5,0,0,0,24,0,0,0,0,0,0,0,0,0,0,0,0,0,0,0,0,29,33,17,NA,NA,NA,NA,0.111111111
26/06/2013 9:52,ifegot crabs,-25.5967,153.0954467,15,Crest,5,1,1,4,38,0,0,0,0,0,0,0,0,0,0,0,0,0,0,0,0,0,0,0,0,0,0,0,0,0,0,0,0,0,0,0,0,0,0,0,0,10,34,NA,NA,NA,NA,0.166666667
26/06/2013 9:54,ifegot crabs,-25.596705,153.09539,20,Trough,6,2,0,11,35,0,1,0,0,0,0,0,0,0,0,0,0,0,0,0,0,0,0,0,3,0,0,0,0,0,0,0,0,0,0,0,0,0,0,0,3,45,24,NA,NA,NA,NA,0
26/06/2013 9:59,ifegot crabs,-25.59668833,153.0953467,25,Trough,2,5,0,7,18,1,1,0,0,0,0,0,0,1,0,0,0,0,0,0,0,0,0,1,0,0,0,0,0,0,0,0,0,0,0,0,0,0,0,0,1,44,28,NA,NA,NA,NA,0
26/06/2013 10:10,ifegot crabs,-25.59667833,153.0953183,30,Crest,3,4,2,5,18,0,2,0,0,0,0,0,0,0,0,0,0,0,0,0,0,0,0,0,20,0,0,0,0,0,0,1,0,0,0,0,0,0,0,0,21,25,8,NA,NA,NA,NA,0.285714286
26/06/2013 10:15,ifegot crabs,-25.59666333,153.0952583,35,Downslope,5,6,0,12,36,0,4,0,0,0,0,0,0,0,0,0,0,1,0,0,0,0,0,3,30,0,0,0,0,0,0,7,0,0,0,0,0,0,0,0,41,50,24,NA,NA,NA,NA,0
26/06/2013 10:26,ifegot crabs,-25.59664167,153.0951683,45,Trough,2,1,1,14,30,1,3,0,0,0,0,0,0,1,0,0,0,0,0,5,0,0,0,0,5,20,0,0,0,0,0,0,0,0,0,0,0,0,0,0,30,83,61,NA,NA,NA,NA,0.333333333
26/06/2013 10:35,ifegot crabs,-25.59662,153.095135,50,Trough,1,0,1,18,113,0,2,0,0,0,0,0,0,0,0,0,0,0,0,0,0,0,0,0,0,9,0,0,0,0,0,0,0,82,0,0,0,0,0,0,91,84,163,NA,NA,NA,NA,1
26/06/2013 10:51,ifegot crabs,-25.59661167,153.0950467,55,Trough,0,0,0,95,220,0,3,0,0,0,0,0,0,0,0,0,0,0,0,0,0,0,0,0,0,3,0,0,0,0,0,0,0,27,0,0,0,60,0,0,90,160,300,NA,NA,NA,NA,NA
26/06/2013 12:14,ifegot crabs,-25.59657667,153.0950533,65,Upslope,0,1,0,60,150,0,3,0,0,0,0,0,0,0,0,0,0,0,0,0,0,0,0,0,0,0,0,0,0,0,0,0,0,10,0,0,0,10,0,25,45,150,111,NA,NA,NA,NA,0
25/06/2013 9:31,red feeling crabby,-25.59765333,153.09523,0,Upslope,21,0,0,4,7,0,0,0,0,0,0,0,0,0,0,0,0,0,0,0,0,0,0,0,0,0,0,0,0,0,0,0,0,0,0,0,0,0,0,0,0,NA,NA,NA,NA,NA,NA,0
25/06/2013 9:32,red feeling crabby,-25.59766167,153.0952183,5,Upslope,0,11,4,3,11,0,1,0,0,0,0,0,0,0,0,0,0,0,0,0,0,0,0,20,0,0,0,0,0,0,0,0,0,0,0,0,0,0,0,0,20,NA,NA,NA,NA,NA,NA,0.363636364
25/06/2013 9:35,red feeling crabby,-25.59765167,153.0951683,10,Upslope,2,3,4,20,42,0,1,0,0,0,0,0,0,0,0,0,0,0,0,0,0,0,0,10,0,0,0,0,0,0,0,0,0,0,0,0,0,0,0,0,10,NA,NA,NA,NA,NA,NA,0.8
25/06/2013 9:39,red feeling crabby,-25.59763667,153.0951233,15,Upslope,2,4,3,30,11,1,1,0,0,0,0,0,0,1,0,0,0,0,0,0,0,0,0,70,0,0,0,0,0,0,0,0,0,0,0,0,0,0,0,0,70,NA,NA,NA,NA,NA,NA,0.5
25/06/2013 9:46,red feeling crabby,-25.597625,153.095075,20,Upslope,4,1,2,25,14,1,1,0,0,0,0,0,0,1,0,0,0,0,0,0,0,0,0,90,0,0,0,0,0,0,0,0,0,0,0,0,0,0,0,0,90,NA,NA,NA,NA,NA,NA,0.4
25/06/2013 9:49,red feeling crabby,-25.59762,153.09502,25,Upslope,6,0,2,22,48,0,3,0,0,0,0,0,0,0,0,0,0,10,0,8,0,0,82,0,0,0,0,0,0,0,0,0,0,0,0,0,0,0,0,0,100,NA,NA,NA,NA,NA,NA,0.333333333
25/06/2013 9:57,redfeelingcrabby,-25.59758667,153.0949767,30,Upslope,4,3,5,17,25,0,2,0,0,0,0,0,0,0,0,0,0,0,0,0,0,0,0,55,0,0,0,0,0,0,0,0,0,0,0,0,35,0,0,0,90,NA,NA,NA,NA,NA,NA,0.714285714
25/06/2013 10:02,redfeelingcrabby,-25.59759333,153.0949283,35,Upslope,4,2,4,20,28,0,2,0,0,0,0,0,0,0,0,0,0,0,0,0,0,0,0,50,0,0,0,0,0,0,0,0,0,0,0,0,15,0,0,0,65,NA,NA,NA,NA,NA,NA,0.666666667
25/06/2013 10:05,redfeelingcrabby,-25.59756333,153.0948883,40,Upslope,3,5,2,16,35,0,1,0,0,0,0,0,0,0,0,0,0,0,0,0,0,0,0,25,0,0,0,0,0,0,0,0,0,0,0,0,0,0,0,0,25,NA,NA,NA,NA,NA,NA,0.25
25/06/2013 10:10,redfeelingcrabby,-25.597565,153.09484,45,Crest,2,7,2,11,33,0,3,0,0,0,0,0,0,0,0,0,0,4,0,10,0,0,0,25,0,0,0,0,0,0,0,0,0,0,0,0,0,0,0,0,39,NA,NA,NA,NA,NA,NA,0.222222222
25/06/2013 10:13,redfeelingcrabby,-25.59753,153.0947867,50,Crest,1,1,2,76,40,0,2,0,0,0,0,0,0,0,0,0,0,0,0,0,0,0,0,75,0,20,0,0,0,0,0,0,0,0,0,0,0,0,0,0,95,NA,NA,NA,NA,NA,NA,1
25/06/2013 10:22,redfeelingcrabby,-25.59748167,153.0947583,55,Downslope,1,0,1,12,0,0,2,0,0,0,0,0,0,0,0,0,0,0,0,0,0,0,0,60,0,20,0,0,0,0,0,0,0,0,0,0,0,0,0,0,80,NA,NA,NA,NA,NA,NA,1
25/06/2013 10:24,redfeelingcrabby,-25.597475,153.0947367,60,Upslope,0,2,0,33,73,0,4,0,0,0,0,0,0,0,0,0,0,0,0,5,0,0,0,45,0,15,0,0,0,0,0,0,0,0,0,0,10,0,0,0,75,NA,NA,NA,NA,NA,NA,0
25/06/2013 10:28,redfeelingcrabby,-25.597475,153.0946817,65,Upslope,1,2,0,71,24,0,2,0,0,0,0,0,0,0,0,0,0,0,0,0,0,0,0,60,0,0,0,0,0,0,0,0,0,0,0,0,5,0,0,0,65,NA,NA,NA,NA,NA,NA,0
25/06/2013 10:32,redfeelingcrabby,-25.597465,153.094645,70,Trough,1,0,0,89,0,1,2,1,0,0,0,0,0,0,0,0,0,0,0,0,0,0,5,0,0,0,0,0,0,0,0,0,0,60,0,0,0,0,0,0,65,NA,NA,NA,NA,NA,NA,0
25/06/2013 10:42,redfeelingcrabby,-25.59741833,153.0945783,75,Upslope,0,0,0,0,0,0,1,0,0,0,0,0,0,0,0,0,0,0,0,0,0,0,0,0,0,20,0,0,0,0,0,0,0,0,0,0,0,0,0,0,20,NA,NA,NA,NA,NA,NA,NA
25/06/2013 10:43,redfeelingcrabby,-25.59741667,153.094555,80,Upslope,0,0,0,0,0,0,1,0,0,0,0,0,0,0,0,0,0,0,0,0,0,0,0,0,0,92,0,0,0,0,0,0,0,0,0,0,0,0,0,0,92,NA,NA,NA,NA,NA,NA,NA
25/06/2013 10:45,redfeelingcrabby,-25.597385,153.0945017,85,Upslope,0,0,0,0,0,0,5,0,0,0,0,0,0,0,0,0,0,5,0,5,0,0,35,0,0,2,0,0,0,0,0,0,0,50,0,0,0,0,0,0,97,NA,NA,NA,NA,NA,NA,NA
25/06/2013 10:48,redfeelingcrabby,-25.597355,153.0944617,90,Upslope,0,0,0,0,0,0,3,0,0,0,0,0,0,0,0,0,0,0,0,0,0,0,0,0,0,0,0,0,0,0,0,0,0,40,0,0,30,0,5,0,75,NA,NA,NA,NA,NA,NA,NA
25/06/2013 9:30,red-giraffe,-25.59748167,153.0953117,0,Upslope,0,0,0,0,0,0,0,0,0,0,0,0,0,0,0,0,0,0,0,0,0,0,0,0,0,0,0,0,0,0,0,0,0,0,0,0,0,0,0,0,0,NA,NA,NA,NA,NA,NA,NA
25/06/2013 9:35,red-giraffe,-25.59748333,153.0952667,5,Upslope,0,3,1,62,50,0,1,0,0,0,0,0,0,0,0,0,0,0,0,0,0,0,0,7,0,0,0,0,0,0,0,0,0,0,0,0,0,0,0,0,7,NA,NA,NA,NA,NA,NA,0.333333333
25/06/2013 9:40,red-giraffe,-25.59747333,153.095225,10,Upslope,4,11,0,13,7,0,1,0,0,0,0,0,0,0,0,0,0,0,0,0,0,0,0,16,0,0,0,0,0,0,0,0,0,0,0,0,0,0,0,0,16,NA,NA,NA,NA,NA,NA,0
25/06/2013 9:47,red-giraffe,-25.59746833,153.09516,15,Crest,4,11,4,90,10,0,1,0,0,0,0,0,0,0,0,0,0,0,0,0,0,0,0,0,0,0,0,0,0,0,0,0,0,0,0,0,65,0,0,0,65,NA,NA,NA,NA,NA,NA,0.266666667
25/06/2013 9:52,red-giraffe,-25.597445,153.0951167,20,Crest,3,6,1,25,25,0,3,0,0,0,0,0,0,0,0,0,0,0,0,0,0,0,15,5,0,0,0,0,0,0,0,0,0,0,0,0,10,0,0,0,30,NA,NA,NA,NA,NA,NA,0.111111111
25/06/2013 9:57,red-giraffe,-25.59744,153.09508,25,Upslope,5,5,4,5,12,0,3,0,0,0,0,0,0,0,0,0,0,0,0,0,0,0,5,0,0,0,0,0,0,0,0,0,0,2,0,0,50,0,0,0,57,NA,NA,NA,NA,NA,NA,0.4
25/06/2013 10:02,red-giraffe,-25.59742833,153.095015,30,Upslope,1,2,1,50,60,0,5,0,0,0,0,0,0,0,0,0,0,0,0,10,0,0,2,0,0,0,0,0,0,0,0,1,0,2,0,0,80,0,0,0,95,NA,NA,NA,NA,NA,NA,0.333333333
25/06/2013 10:09,red-giraffe,-25.59739,153.0949567,35,Downslope,1,0,1,50,30,1,1,1,0,0,0,0,0,0,0,0,0,0,0,0,0,0,0,0,0,0,0,0,0,0,0,0,0,2,0,0,0,0,0,0,2,NA,NA,NA,NA,NA,NA,1
25/06/2013 10:12,red-giraffe,-25.59739833,153.0949167,40,Trough,3,0,2,40,45,0,4,0,0,0,0,0,0,0,0,0,0,0,0,2,0,0,20,0,0,7,0,0,0,0,0,0,0,0,0,0,40,0,0,0,69,NA,NA,NA,NA,NA,NA,0.666666667
25/06/2013 10:15,red-giraffe,-25.59739,153.09489,45,Trough,2,0,1,50,30,1,4,0,0,0,0,0,0,1,0,0,0,0,0,9,0,0,50,0,0,5,0,0,0,0,0,0,0,0,0,0,7,0,0,0,71,NA,NA,NA,NA,NA,NA,0.5
25/06/2013 10:22,red-giraffe,-25.59737667,153.0948433,50,Trough,3,0,1,40,15,0,3,0,0,0,0,0,0,0,0,0,0,5,0,0,0,0,45,0,0,0,0,0,0,0,0,0,0,10,0,0,0,0,0,0,60,NA,NA,NA,NA,NA,NA,0.333333333
25/06/2013 10:24,red-giraffe,-25.597385,153.0947983,55,Trough,2,1,2,95,55,0,3,0,0,0,0,0,0,0,0,0,0,0,0,0,0,0,10,0,0,0,0,0,0,0,0,0,0,3,0,0,55,0,0,0,68,NA,NA,NA,NA,NA,NA,0.666666667
25/06/2013 10:27,red-giraffe,-25.59735667,153.0947767,60,Upslope,2,2,0,60,60,0,4,0,0,0,0,0,0,0,0,0,0,0,0,5,0,0,5,0,0,7,0,0,0,0,0,0,0,0,0,0,50,0,0,0,67,NA,NA,NA,NA,NA,NA,0
25/06/2013 10:35,red-giraffe,-25.59734667,153.0947067,65,Upslope,2,2,2,15,80,0,3,0,0,0,0,0,0,0,0,0,0,0,0,5,0,0,0,0,0,0,0,0,0,0,0,0,0,15,0,0,0,2,0,0,22,NA,NA,NA,NA,NA,NA,0.5
25/06/2013 10:38,red-giraffe,-25.59732833,153.0946517,70,Upslope,3,2,2,60,15,0,3,0,0,0,0,0,0,0,0,0,0,0,0,5,0,0,7,0,0,0,0,0,0,0,0,0,0,0,0,0,0,0,0,4,16,NA,NA,NA,NA,NA,NA,0.4
25/06/2013 10:44,red-giraffe,-25.597305,153.0946117,75,Upslope,3,0,3,30,35,1,4,1,0,0,0,0,0,0,0,0,0,0,0,0,0,0,0,0,0,10,0,0,0,0,0,0,0,70,0,0,0,10,0,2,92,NA,NA,NA,NA,NA,NA,1
25/06/2013 10:50,red-giraffe,-25.59733333,153.0945467,80,Upslope,4,1,3,50,30,0,4,0,0,0,0,0,0,0,0,0,0,0,0,7,0,0,10,0,0,5,0,0,0,0,0,0,0,0,0,0,0,0,0,15,37,NA,NA,NA,NA,NA,NA,0.6
25/06/2013 9:24,red-tlj,-25.59739833,153.095325,0,Upslope,2,40,0,4,5,0,0,0,0,0,0,0,0,0,0,0,0,0,0,0,0,0,0,0,0,0,0,0,0,0,0,0,0,0,0,0,0,0,0,0,0,NA,NA,NA,NA,NA,NA,0
25/06/2013 9:31,red-tlj,-25.597375,153.09529,5,Upslope,4,4,1,19,27,0,1,0,0,0,0,0,0,0,0,0,0,0,0,0,0,0,0,20,0,0,0,0,0,0,0,0,0,0,0,0,0,0,0,0,20,NA,NA,NA,NA,NA,NA,0.125
25/06/2013 9:34,red-tlj,-25.59737833,153.0952383,10,Upslope,6,8,0,5,25,1,1,0,0,0,0,0,0,1,0,0,0,0,0,0,0,0,0,5,0,0,0,0,0,0,0,0,0,0,0,0,0,0,0,0,5,NA,NA,NA,NA,NA,NA,0
25/06/2013 9:37,red-tlj,-25.59736667,153.0951933,15,Upslope,7,7,2,5,7,0,1,0,0,0,0,0,0,0,0,0,0,0,0,0,0,0,0,,,,,,,,,,,,,,,,,,,NA,NA,NA,NA,NA,NA,0.142857143
25/06/2013 9:42,red-tlj,-25.59737167,153.095145,20,Crest,7,1,2,6,5,0,3,0,0,0,0,0,0,0,0,0,0,0,0,14,0,0,0,6,0,0,0,0,0,0,0,0,0,0,0,0,40,0,0,0,60,NA,NA,NA,NA,NA,NA,0.25
25/06/2013 9:47,red-tlj,-25.59734167,153.0951017,25,Crest,5,4,2,1,40,0,2,0,0,0,0,0,0,0,0,0,0,0,0,0,0,0,0,6,0,0,0,0,0,0,0,0,0,0,0,0,40,0,0,0,46,NA,NA,NA,NA,NA,NA,0.222222222
25/06/2013 9:51,red-tlj,-25.59736833,153.0950483,30,Crest,4,3,2,9,6,0,4,0,0,0,0,0,0,0,0,0,0,3,0,0,0,0,5,40,0,0,0,0,0,0,0,0,0,0,0,0,3,0,0,0,51,NA,NA,NA,NA,NA,NA,0.285714286
25/06/2013 9:55,red-tlj,-25.59737167,153.09501,35,Crest,4,0,9,35,33,1,3,0,0,0,0,0,0,1,0,0,0,2,0,0,0,0,40,0,0,2,0,0,0,0,0,0,0,0,0,0,0,0,0,0,44,NA,NA,NA,NA,NA,NA,NA
25/06/2013 10:01,red-tlj,-25.59734167,153.0949533,40,Trough,2,0,1,14,70,0,4,0,0,0,0,0,0,0,0,0,0,0,0,2,1,0,70,0,0,0,0,0,0,0,0,0,0,0,0,0,0,0,0,0,73,NA,NA,NA,NA,NA,NA,0.5
25/06/2013 10:10,red-tlj,-25.59733667,153.0949167,45,Trough,1,0,1,2,0,0,2,0,0,0,0,0,0,0,0,0,0,0,0,0,0,0,35,0,0,7,0,0,0,0,0,0,0,0,0,0,0,0,0,0,42,NA,NA,NA,NA,NA,NA,1
25/06/2013 10:13,red-tlj,-25.59731833,153.0948617,50,Trough,0,0,0,0,0,0,2,0,0,0,0,0,0,0,0,0,0,0,0,0,0,0,20,0,0,0,0,0,0,0,0,0,0,0,0,0,80,0,0,0,100,NA,NA,NA,NA,NA,NA,NA
25/06/2013 10:21,red-tlj,-25.59732167,153.0948067,55,Upslope,0,0,0,0,0,0,4,0,0,0,0,0,0,0,0,0,0,0,0,0,0,0,30,0,0,0,1,0,0,0,0,0,0,0,0,0,30,2,0,0,63,NA,NA,NA,NA,NA,NA,NA
25/06/2013 10:27,red-tlj,-25.59731,153.094765,60,Upslope,4,1,0,2,26,0,5,0,0,0,0,0,0,0,0,0,0,0,0,0,0,0,5,0,5,0,0,0,0,0,0,0,0,2,0,0,7,5,0,0,24,NA,NA,NA,NA,NA,NA,0
25/06/2013 10:32,red-tlj,-25.59731833,153.09472,65,Upslope,3,0,1,10,40,0,3,0,0,0,0,0,0,0,0,0,0,0,0,30,0,0,0,0,20,0,0,0,0,0,0,1,0,0,0,0,0,0,0,0,51,NA,NA,NA,NA,NA,NA,0.333333333
25/06/2013 10:37,red-tlj,-25.59727667,153.0946733,70,Upslope,1,2,1,10,30,0,3,0,0,0,0,0,0,0,0,0,0,0,0,0,0,0,7,0,2,5,0,0,0,0,0,0,0,0,0,0,0,0,0,0,14,NA,NA,NA,NA,NA,NA,0.333333333
25/06/2013 10:41,red-tlj,-25.597285,153.0946233,75,Upslope,1,0,1,20,0,0,4,0,0,0,0,0,0,0,0,0,0,0,0,2,0,0,100,0,5,0,0,0,0,0,0,0,0,0,0,0,0,0,0,7,114,NA,NA,NA,NA,NA,NA,1
25/06/2013 10:44,red-tlj,-25.59729667,153.09458,80,Upslope,5,0,5,2,24,0,4,0,0,0,0,0,0,0,0,0,0,0,0,2,0,0,0,0,80,7,0,0,0,0,0,2,0,0,0,0,0,0,0,0,91,NA,NA,NA,NA,NA,NA,1
27/06/2013 9:29,scat attack,-25.59785167,153.0951517,5,Crest,0,32,0,0,5,0,2,0,0,0,0,0,0,0,0,0,0,0,0,1,0,0,0,30,0,0,0,0,0,0,0,0,0,0,0,0,0,0,0,0,31,NA,NA,NA,NA,NA,NA,0
27/06/2013 9:34,scat attack,-25.59784667,153.0950933,10,Downslope,0,10,0,1,36,0,1,0,0,0,0,0,0,0,0,0,0,0,0,0,0,0,0,30,0,0,0,0,0,0,0,0,0,0,0,0,0,0,0,0,30,NA,NA,NA,NA,NA,NA,0
27/06/2013 9:41,scat attack,-25.59783833,153.0950617,15,Upslope,5,3,1,4,5,0,1,0,0,0,0,0,0,0,0,0,0,0,0,0,0,0,0,20,0,0,0,0,0,0,0,0,0,0,0,0,0,0,0,0,20,NA,NA,NA,NA,NA,NA,0.125
27/06/2013 9:44,scat attack,-25.59782333,153.0950217,20,Upslope,2,4,0,1,12,0,1,0,0,0,0,0,0,0,0,0,0,0,0,0,0,0,0,15,0,0,0,0,0,0,0,0,0,0,0,0,0,0,0,0,15,NA,NA,NA,NA,NA,NA,0
27/06/2013 9:58,scat attack,-25.59778833,153.0949767,25,Trough,2,6,0,1,3,1,2,0,0,0,0,0,0,1,0,0,0,0,0,0,0,0,0,60,0,0,0,0,0,0,0,1,0,0,0,0,0,0,0,0,61,NA,NA,NA,NA,NA,NA,0
27/06/2013 10:03,scat attack,-25.59781167,153.094915,30,Crest,3,0,1,1,34,0,2,0,0,0,0,0,0,0,0,0,0,0,0,0,0,0,0,10,10,0,0,0,0,0,0,0,0,0,0,0,0,0,0,0,20,NA,NA,NA,NA,NA,NA,0.333333333
27/06/2013 10:07,scat attack,-25.59778167,153.0948717,35,Downslope,4,3,3,2,3,0,2,0,0,0,0,0,0,0,0,0,0,0,0,0,0,0,0,0,40,0,0,0,0,0,0,0,0,0,0,0,25,0,0,0,65,NA,NA,NA,NA,NA,NA,0.428571429
27/06/2013 10:12,scat attack,-25.59779833,153.09482,40,Trough,5,2,0,2,6,0,2,0,0,0,0,0,0,0,0,0,0,1,0,0,0,0,0,0,35,0,0,0,0,0,0,0,0,0,0,0,0,0,0,0,36,NA,NA,NA,NA,NA,NA,0
27/06/2013 10:17,scat attack,-25.59778,153.0947817,45,Trough,1,2,0,1,43,0,2,0,0,0,0,0,0,0,0,0,0,0,0,20,0,0,0,0,80,0,0,0,0,0,0,0,0,0,0,0,0,0,0,0,100,NA,NA,NA,NA,NA,NA,0
27/06/2013 10:20,scat attack,-25.59776333,153.0947317,50,Trough,0,0,0,0,0,0,4,0,0,0,0,0,0,0,0,0,0,0,0,0,0,0,0,0,60,3,0,0,0,0,0,0,0,20,0,0,0,0,7,0,90,NA,NA,NA,NA,NA,NA,NA
27/06/2013 10:33,scat attack,-25.59773333,153.0946867,55,Trough,3,0,1,3,16,0,2,0,0,0,0,0,0,0,0,0,0,0,0,2,0,0,0,0,35,0,0,0,0,0,0,0,0,0,0,0,0,0,0,0,37,NA,NA,NA,NA,NA,NA,0.333333333
27/06/2013 10:38,scat attack,-25.59773833,153.09465,60,Upslope,3,2,0,2,5,0,2,0,0,0,0,0,0,0,0,0,0,0,0,0,0,0,0,0,60,0,0,0,0,0,0,0,0,0,0,0,30,0,0,0,90,NA,NA,NA,NA,NA,NA,0
27/06/2013 10:41,scat attack,-25.597725,153.0945817,65,Upslope,2,0,1,4,12,1,2,1,0,0,0,0,0,0,0,0,0,0,0,0,0,0,0,0,40,0,0,0,0,0,0,0,0,0,0,0,20,0,0,0,60,NA,NA,NA,NA,NA,NA,0.5
27/06/2013 10:45,scat attack,-25.59771167,153.09458,70,Crest,1,3,0,1,41,0,5,0,0,0,0,0,0,0,0,0,0,0,0,0,0,0,0,0,70,6,0,0,0,0,0,0,0,0,0,0,1,10,1,0,88,NA,NA,NA,NA,NA,NA,0
27/06/2013 10:58,scat attack,-25.59767,153.0944933,75,Crest,0,1,1,3,111,0,4,0,0,0,0,0,0,0,0,0,0,0,0,0,0,0,0,0,15,8,0,0,0,0,0,0,0,20,0,0,0,0,6,0,49,NA,NA,NA,NA,NA,NA,1
27/06/2013 11:02,scat attack,-25.59765667,153.0944583,80,Downslope,5,1,1,8,25,1,2,0,0,0,0,0,0,0,1,0,0,0,0,0,0,0,0,0,20,0,0,0,0,0,0,0,0,10,0,0,0,0,0,0,30,NA,NA,NA,NA,NA,NA,0.166666667
27/06/2013 9:21,t jd g,-25.59807,153.0951267,0,Upslope,0,4,0,9,58,0,0,0,0,0,0,0,0,0,0,0,0,0,0,0,0,0,0,0,0,0,0,0,0,0,0,0,0,0,0,0,0,0,0,0,0,31,24,NA,NA,NA,NA,0
27/06/2013 9:31,t jd g,-25.59805833,153.095095,5,Upslope,7,1,0,39,48,0,0,0,0,0,0,0,0,0,0,0,0,0,0,0,0,0,0,0,0,0,0,0,0,0,0,0,0,0,0,0,0,0,0,0,0,45,8.5,9,NA,NA,NA,0
27/06/2013 9:36,t jd g,-25.59804,153.095045,10,Upslope,8,7,3,1,15,0,1,0,0,0,0,0,0,0,0,0,0,0,0,0,0,0,0,15,0,0,0,0,0,0,0,0,0,0,0,0,0,0,0,0,15,3,8.5,10,NA,NA,NA,0.2
27/06/2013 9:43,t jd g,-25.598045,153.09499,15,Upslope,5,13,0,2,8,1,2,0,0,0,0,0,0,1,0,0,0,0,0,NA,0,0,0,4,0,0,0,0,0,0,0,0,0,0,0,0,0,0,0,0,NA,9,18,12,NA,NA,NA,0
27/06/2013 9:49,t jd g,-25.59803833,153.094945,20,Upslope,9,12,5,23,10,1,2,0,0,0,0,0,0,1,0,0,0,0,0,0,0,0,10,1,0,0,0,0,0,0,0,0,0,0,0,0,0,0,0,0,11,25,12,6.5,NA,NA,NA,0.238095238
27/06/2013 9:53,t jd g,-25.59803833,153.09489,25,Upslope,15,11,1,2,7,0,2,0,0,0,0,0,0,0,0,0,0,0,0,0,0,0,0,8,0,0,0,0,0,39,0,0,0,0,0,0,0,0,0,0,47,6,8,15,NA,NA,NA,0.038461538
27/06/2013 9:57,t jd g,-25.59803333,153.0948583,30,Upslope,5,4,1,2,28,0,2,0,0,0,0,0,0,0,0,0,0,0,0,0,0,0,20,7,0,0,0,0,0,0,0,0,0,0,0,0,0,0,0,0,27,7,23.5,40,NA,NA,NA,0.111111111
27/06/2013 10:05,t jd g,-25.59803167,153.0947567,40,Downslope,3,5,0,9,25,0,3,0,0,0,0,0,0,0,0,0,0,0,0,0,0,0,0,0,35,0,0,0,0,0,0,0,0,0,0,0,22,13,0,0,70,36.5,33,60,NA,NA,NA,0
27/06/2013 10:12,t jd g,-25.59802,153.09471,45,Downslope,0,2,0,45,51,0,2,0,0,0,0,0,0,0,0,0,0,0,0,0,0,0,0,0,85,9,0,0,0,0,0,0,0,0,0,0,0,0,0,0,94,30,27,92,NA,NA,NA,0
27/06/2013 10:16,t jd g,-25.59802333,153.094655,50,Trough,3,2,1,39,47,0,2,0,0,0,0,0,0,0,0,0,0,0,0,0,0,0,0,0,80,3,0,0,0,0,0,0,0,0,0,0,0,0,0,0,83,NA,NA,NA,NA,NA,NA,0.2
27/06/2013 10:25,t jd g,-25.59799833,153.0946067,55,Trough,1,1,0,45,57,0,2,0,0,0,0,0,0,0,0,0,0,0,0,0,0,0,0,0,18,0,0,0,0,0,0,0,0,0,0,0,37,0,0,0,55,47,47,NA,NA,NA,NA,0
27/06/2013 10:28,t jd g,-25.59797,153.094565,60,Trough,3,1,3,44,53,0,2,0,0,0,0,0,0,0,0,0,0,0,0,0,0,0,0,0,30,0,0,0,0,0,0,0,0,0,0,0,0,60,0,0,90,NA,NA,NA,NA,NA,NA,0.75
27/06/2013 10:32,t jd g,-25.59796833,153.0945133,65,Upslope,3,0,0,17,48,0,2,0,0,0,0,0,0,0,0,0,0,0,0,0,0,0,0,0,75,0,0,0,0,0,0,0,0,0,0,0,0,10,0,0,85,28,63,NA,NA,NA,NA,0
27/06/2013 10:34,t jd g,-25.59793667,153.09448,70,Upslope,6,4,1,5,35,0,4,0,0,0,0,0,0,0,0,0,0,0,0,0,0,0,0,0,25,2,0,0,0,0,0,5,0,0,0,0,0,8,0,0,40,19,NA,NA,NA,NA,NA,0.1
27/06/2013 10:41,t jd g,-25.59790833,153.094425,75,Crest,4,3,0,15,28,0,3,0,0,0,0,0,0,0,0,0,0,0,0,0,0,0,0,0,50,5,0,0,0,0,0,0,0,0,0,0,0,0,4,0,59,7.5,22,28,NA,NA,NA,0
27/06/2013 10:44,t jd g,-25.59787333,153.0943833,80,Crest,4,1,1,2,37,1,2,2,0,0,0,0,0,0,0,0,0,0,0,0,0,0,0,0,35,4,0,0,0,0,0,0,0,0,0,0,0,0,0,0,39,53,28,9,NA,NA,NA,0.2
27/06/2013 10:50,t jd g,-25.59788,153.094345,85,Downslope,4,2,0,32,17,0,3,0,0,0,0,0,0,0,0,0,0,0,0,0,0,0,0,0,20,5,0,0,0,0,0,0,0,0,0,0,0,0,10,0,35,51,42,54,NA,NA,NA,0
27/06/2013 10:53,t jd g,-25.597875,153.0942983,90,Trough,3,0,1,8,48,0,3,0,0,0,0,0,0,0,0,0,0,0,0,0,0,0,0,0,55,8,0,0,0,0,0,0,0,0,0,0,0,0,7,0,70,36,7,29.5,NA,NA,NA,0.333333333
27/06/2013 10:57,t jd g,-25.59787333,153.0942717,95,Trough,1,0,0,30,0,0,3,0,0,0,0,0,0,0,0,0,0,0,0,0,0,0,0,0,30,10,0,0,0,0,0,0,0,0,0,0,0,22,0,0,62,74,NA,NA,NA,NA,NA,0
26/06/2013 9:23,yellow - the ones,-25.59681,153.0955433,0,Upslope,1,0,0,41,65,0,0,0,0,0,0,0,0,0,0,0,0,0,0,0,0,0,0,0,0,0,0,0,0,0,0,0,0,0,0,0,0,0,0,0,0,65,100,13.5,16,39,34,0
26/06/2013 9:37,yellow - the ones,-25.596815,153.095535,5,Upslope,0,1,0,2,162,0,1,0,0,0,0,0,0,0,0,0,0,0,0,0,0,0,0,1,0,0,0,0,0,0,0,0,0,0,0,0,0,0,0,0,1,110,NA,NA,NA,NA,NA,0
26/06/2013 9:44,yellow - the ones,-25.59680667,153.0954733,10,Upslope,1,1,0,79,12,0,1,0,0,0,0,0,0,0,0,0,0,0,0,0,0,0,0,10,0,0,0,0,0,0,0,0,0,0,0,0,0,0,0,0,10,66,16,34,36,46,27,0
26/06/2013 9:49,yellow - the ones,-25.596795,153.0954283,15,Crest,4,3,1,1,21,1,1,0,0,0,0,0,0,1,0,0,0,0,0,0,0,0,0,5,0,0,0,0,0,0,0,0,0,0,0,0,0,0,0,0,5,20,9,25,19,14,NA,0.142857143
26/06/2013 9:55,yellow - the ones,-25.59675667,153.0953917,20,Downslope,13,6,6,8,30,0,2,0,0,0,0,0,0,0,0,0,0,0,0,2,0,0,0,15,0,0,0,0,0,0,0,0,0,0,0,0,0,0,0,0,17,14,21,8,7,NA,NA,0.315789474
26/06/2013 10:04,yellow - the ones,-25.59676333,153.09534,25,Crest,3,2,1,29,8,0,3,0,0,0,0,0,0,0,0,0,0,0,0,5,0,0,0,20,0,0,0,0,0,0,0,0,0,0,0,0,8,0,0,0,33,11,25,7,44,39,NA,0.2
26/06/2013 10:11,yellow - the ones,-25.59670667,153.0952867,30,Crest,6,3,5,9,8,0,3,0,0,0,0,0,0,0,0,0,0,0,0,10,0,0,0,0,15,0,0,0,0,0,0,6,0,0,0,0,0,0,0,0,31,35,14,9,33,20,NA,0.555555556
26/06/2013 10:17,yellow - the ones,-25.59673167,153.0952483,35,Downslope,3,2,2,5,21,0,4,0,0,0,0,0,0,0,0,0,0,0,0,2,0,0,0,2,60,5,0,0,0,0,0,0,0,0,0,0,0,0,0,0,69,34,30,38,NA,NA,NA,0.4
26/06/2013 10:23,yellow - the ones,-25.59668,153.095215,40,Downslope,4,0,0,21,43,0,4,0,0,0,0,0,0,0,0,0,0,2,0,3,0,0,0,0,10,65,0,0,0,0,0,0,0,0,0,0,0,0,0,0,80,50,57,84,NA,NA,NA,0
26/06/2013 10:28,yellow - the ones,-25.59667,153.095155,45,Trough,2,2,4,1,15,0,2,0,0,0,0,0,0,0,0,0,0,0,0,0,0,0,0,0,10,35,0,0,0,0,0,0,0,0,0,0,0,0,0,0,45,64,60,NA,NA,NA,NA,1
26/06/2013 10:44,yellow - the ones,-25.59661167,153.0951233,50,Trough,2,2,4,13,50,0,4,0,0,0,0,0,0,0,0,0,0,0,0,0,0,0,0,0,50,5,0,0,0,0,0,0,0,0,0,0,30,3,0,0,88,79,55,NA,NA,NA,NA,1
26/06/2013 12:09,yellow - the ones,-25.59661833,153.09504,55,Trough,0,1,1,20,60,0,3,0,0,0,0,0,0,0,0,0,0,0,0,0,0,0,0,0,5,15,0,0,0,0,0,0,0,0,0,0,0,60,0,0,80,217,113,63,NA,NA,NA,1
26/06/2013 9:38,Yellow Group - Reef and Beef,-25.59665,153.095565,5,Crest,4,0,1,28,21,0,1,0,0,0,0,0,0,0,0,0,0,0,0,0,0,0,0,30,0,0,0,0,0,0,0,0,0,0,0,0,0,0,0,0,30,3,6,NA,NA,NA,NA,0.25
26/06/2013 9:41,Yellow Group - Reef and Beef,-25.596645,153.095525,10,Crest,5,3,3,19,28,0,2,0,0,0,0,0,0,0,0,0,0,0,0,1,0,0,0,40,0,0,0,0,0,0,0,0,0,0,0,0,0,0,0,0,41,50,23,NA,NA,NA,NA,0.375
26/06/2013 9:46,Yellow Group - Reef and Beef,-25.59662,153.09546,15,Downslope,2,1,3,27,22,0,3,0,0,0,0,0,0,0,0,0,0,0,0,0,0,0,20,70,0,0,0,0,0,0,0,10,0,0,0,0,0,0,0,0,100,16,5,NA,NA,NA,NA,1
26/06/2013 9:58,Yellow Group - Reef and Beef,-25.59660833,153.0954333,20,Crest,9,1,3,47,34,0,2,0,0,0,0,0,0,0,0,0,0,0,0,0,0,0,85,5,0,0,0,0,0,0,0,0,0,0,0,0,0,0,0,0,90,30,16,NA,NA,NA,NA,0.3
26/06/2013 10:03,Yellow Group - Reef and Beef,-25.596605,153.0953867,25,Crest,1,0,1,90,98,1,2,0,0,0,0,0,0,1,0,0,0,0,0,0,0,0,50,0,0,10,0,0,0,0,0,0,0,0,0,0,0,0,0,0,60,34,27,NA,NA,NA,NA,1
26/06/2013 10:06,Yellow Group - Reef and Beef,-25.59659667,153.09534,30,Trough,1,0,1,34,58,0,1,0,0,0,0,0,0,0,0,0,0,0,0,0,0,0,NA,0,0,0,0,0,0,0,0,0,0,0,0,0,0,0,0,0,NA,63,43,NA,NA,NA,NA,1
26/06/2013 10:10,Yellow Group - Reef and Beef,-25.59657333,153.0953083,35,Downslope,4,1,5,29,37,0,3,0,0,0,0,0,0,0,0,0,0,2,0,0,0,0,3,0,0,35,0,0,0,0,0,0,0,0,0,0,0,0,0,0,40,38,24,NA,NA,NA,NA,1
26/06/2013 10:15,Yellow Group - Reef and Beef,-25.59655167,153.0952667,40,Downslope,3,0,2,63,17,0,2,0,0,0,0,0,0,0,0,0,0,0,0,0,0,0,97,0,0,2,0,0,0,0,0,0,0,0,0,0,0,0,0,0,99,25,37,NA,NA,NA,NA,0.666666667
26/06/2013 10:20,Yellow Group - Reef and Beef,-25.59654833,153.09522,45,Trough,4,0,4,41,49,0,2,0,0,0,0,0,0,0,0,0,0,0,0,0,0,0,87,0,0,10,0,0,0,0,0,0,0,0,0,0,0,0,0,0,97,36,19,NA,NA,NA,NA,1
26/06/2013 10:24,Yellow Group - Reef and Beef,-25.59651667,153.0951617,50,Trough,1,0,1,85,113,0,1,0,0,0,0,0,0,0,0,0,0,0,0,0,0,0,0,0,0,35,0,0,0,0,0,0,0,0,0,0,0,0,0,0,35,37,62,NA,NA,NA,NA,1
26/06/2013 10:29,Yellow Group - Reef and Beef,-25.59650833,153.0951283,55,Trough,2,1,3,8,24,0,2,0,0,0,0,0,0,0,0,0,0,0,0,0,0,0,0,0,0,10,0,0,0,0,0,0,0,0,0,0,0,45,0,0,55,65,35,NA,NA,NA,NA,1
26/06/2013 10:34,Yellow Group - Reef and Beef,-25.59651167,153.0950633,60,Upslope,3,1,4,31,38,1,3,1,0,0,0,0,0,0,0,0,0,0,0,0,0,0,0,0,0,10,0,0,0,0,0,0,0,0,0,0,0,4,2,0,16,62,41,NA,NA,NA,NA,1
26/06/2013 10:41,Yellow Group - Reef and Beef,-25.59647667,153.0950217,65,Upslope,1,0,1,0,84,0,4,0,0,0,0,0,0,0,0,0,0,0,0,0,0,0,15,0,0,5,0,0,0,0,0,0,0,0,0,0,0,15,3,0,38,46,37,NA,NA,NA,NA,1
26/06/2013 10:46,Yellow Group - Reef and Beef,-25.596495,153.0949617,70,Upslope,0,0,0,0,0,1,4,0,0,0,0,0,0,0,0,0,0,0,0,0,0,0,3,0,0,2,0,0,0,0,0,0,0,0,0,0,0,30,6,0,41,68,31,NA,NA,NA,NA,NA
